{"CompIn":{"Cfg":{"EnTfEst":1,"Calc_C_ref2":0,"EstimationScheme":5,"UsePolarDecomp":0,"EdgesCropLen":2,"CurrCfg":{"DecCpiDuration":51,"NumCpisPerSubSegAvg":1},"NumCfgCCpisPerSubSegAvg":3,"STF":{"LPBK_real":[5371,-6288,2739,-14104,12039,-12018,-10547,-133,11918,8485,15417,8497,-3793,-2991,6991,-7515,11603,13539,8544,546,-10884,-6596,-7080,-5662,-1306,1454,-9260,9826,7428,11446,-7618,3763,5006,-3709,-2938,10163,3289,13053,-327,10758,11760,9452,12703,6516,-1495,-6360,10489,-11807,-3234,-8808,2964],"LPBK_imag":[12657,-5645,9981,9747,5429,-8385,10465,-1062,7835,-1290,11930,6625,-10880,-10510,11466,-4420,-3898,-15034,4396,9967,13019,-10002,11709,-10593,-4144,-3857,2315,365,953,760,14152,-8304,-9558,10356,-6427,5747,13882,-14091,9233,-15234,298,-2006,6243,9150,-14836,-13941,3436,6958,-11443,3761,-11441],"DelaySlope":[9.91562391E+8,2.105099362E+9,1.811443598E+9],"CplxGain_real":[4603,-1505,13917],"CplxGain_imag":[10966,-16935,3354],"LPBK_Exp":-1,"CplxGain_Exp":-1},"SgolayCoeffs":[-1602,-874,-209,393,931,1406,1817,2166,2450,2672,2830,2925,2957,2925,2830,2672,2450,2166,1817,1406,931,393,-209,-874,-1602],"SubSegmentPtrsInp":{"Start":24,"End":74},"SubSegmentExpPtr":2},"RtsPerSensor":[-14148,17826,14142,-22098,17084,18732,15636,-17774,-11128,-14672,26056,27860,7770,-23640],"RtsPerSubSeg":[-23756,-8792,-25202,774,-15772,-25528,-20440,-11538],"RtsPerSeg":10848,"Cfg_Mandatory":{"RtsPerSubSegExpIn":1,"RtsPerSensorExpIn":1,"RtsPerSegExpIn":1,"ExpIn":[0,0,-1,-1,-1],"InputLen":212},"SigIn_real":[0.28368898381365526,0.24094546705246203,0.18153676367017962,0.1089795861582452,0.022597672898196815,-0.068659210366295687,-0.13731591969165355,-0.21353806053387533,-0.2700843809820731,-0.28848950912125682,-0.30153671472201143,-0.28215734637718221,-0.23310850297705021,-0.16046290711082717,-0.088035042940729155,-0.00091707482930382476,0.098533404359742061,0.17096328332312652,0.23959254587284237,0.28688911591618216,0.29447900025199081,0.29384914747412433,0.25464260528174976,-6584,-8929,-9521,-9330,-8341,-6235,-3114,53,3506,6315,8295,9911,9598,8295,6106,3477,-56,-3019,-6406,-8690,-9889,-9537,-8571,-6405,-3595,-674,2864,5902,8063,9465,9624,8576,7031,4227,479,-2732,-5776,-7832,-9468,-9825,-9129,-7015,-4108,-789,1952,5385,7542,9611,9912,9027,7167,0.46006456474718949,0.31629446514026582,0.12448861729691166,-0.087778519849752309,-0.29717220457505455,-0.44805398632584914,-0.49730933880217865,-0.46789529754746317,-0.3431955764095948,-0.15865786720331498,0.065777727853057716,0.26774691051231087,0.42849992071418097,0.49332819924008076,0.47038710770759229,0.36511341228356237,0.18941911633199,-0.022686621692058435,-0.24562733445224275,-0.41313824031383906,-0.49347171687656133,-0.47941332617387344,-0.38318980759547672,-0.20756953670057049,0.00028843631150135107,0.20955561674102646,0.38769104735813908,0.48929710580949581,0.49377224877194015,0.39493925147320053,0.23746033508897749,0.030495973260433733,-0.18726642076674224,-0.37141234075375579,-0.47201568261076654,-0.50574124298012579,-0.42251316309107134,-0.27729510652297495,-0.066545168233834565,0.16374432404233522,0.35095838413735225,0.46330170583349661,0.49144532551264636,0.44713376418000311,0.30282002716175671,0.091046249173822688,0.46077495676362606,0.31928622143368,0.13205197599819768,-0.0933407335410445,-0.28462711928686368,-0.44300504312064687,-0.50356653621496,-0.45502751218050647,-0.33544174696863405,-0.16131881652909552,0.067412012452072484,0.26627969962736259,0.41459456347965751,0.50080667380301824,0.48535647630769918,0.37137423819237747,0.18905452808783521,-0.0332647889559747,-0.24949168587896842,-0.41075724290520482,-0.48563510893008804,-0.48298692683056371,-0.37751489576146807,-0.20343883205538982,0.008366898198501508,0.21669643458843948,0.37931881703010584,0.48945216085062249,0.49021649337508477,0.41000722437178444,0.24033928451679507,0.032019345396637269,-0.18170107341499256,-0.36920367642045215,-0.46783391097325056,-0.48786581343198393,-0.42068736179539279,-0.26667265646684246,-0.0606756660290938,0.15932372633749162,0.33947496961502316,0.45770652107550336,0.4911136368046109,0.44170143896350128,0.29263306643065767,0.09620368659818157,0.45879476117055845,0.32523853001986108,0.11809502467708778,-0.089033590367707929,-0.29884247945587211,-0.44111078318083324,-0.48954094437133922,-0.46010522861726783,-0.33415038669694586,-0.15983259275475845,0.0632071258545793,0.26174787700810254,0.42974276707024928,0.48701171491901757,0.48224385609291032,0.3688371744672706,0.19250621427402612,-0.025002856608410048,-0.24734611726767086,-0.40275393717254082,-0.48623324713799077,-0.47478333004541595,-0.382361319149753,-0.21649191204282381,0.0058068523588728216,0.20324139888203677,0.38629399325468394,0.48671900123476386,0.48664486276433544,0.40226715415583886,0.24841251984686327,0.041115140703579828,-0.19127149904423787,-0.35566257959884767,-0.47722200158154232,-0.49614614068539731,-0.41772184885000285,-0.26660149036955377,-0.060836472698783395,0.15435697321254191,0.33783194714294085,0.46175533783516387,0.50764305852302327,0.44063043431671789,0.3005344173369664,0.091039980430039733],